,priority_level,current_challenges,ai_applications,complexity,data_availability
Economic Development,9,"['Diversifying beyond RMG', 'Financial sector vulnerabilities', 'Export growth slowdown']","['Economic forecasting', 'Trade analysis', 'Market intelligence', 'Investment screening']",8,7
Youth Employment,10,"['Skills gap', '16.8% youth unemployment', 'Education-employment mismatch']","['Skills assessment', 'Job matching', 'Training program optimization', 'Labor market analysis']",7,6
Digital Transformation,9,"['Fragmented digital systems', 'Lack of interoperability', 'Cybersecurity']","['Digital infrastructure planning', 'Cybersecurity monitoring', 'Service optimization']",8,8
Climate Adaptation,10,"['Sea level rise', 'Cyclone intensification', 'Agricultural salinization']","['Climate modeling', 'Disaster prediction', 'Adaptation planning', 'Resource allocation']",9,5
Governance Reform,8,"['Democratic transition', 'Institutional strengthening', 'Transparency']","['Policy impact analysis', 'Transparency monitoring', 'Public consultation analysis']",9,4
Financial Sector,8,"['Banking vulnerabilities', 'Financial inclusion', 'Regulatory compliance']","['Risk assessment', 'Fraud detection', 'Regulatory monitoring', 'Credit scoring']",8,7
Regional Relations,7,"['India relations', 'Rohingya crisis', 'Border management']","['Diplomatic analysis', 'Migration monitoring', 'Border security', 'Regional trade analysis']",9,5
Infrastructure Development,8,"['Urban planning', 'Transport optimization', 'Energy grid modernization']","['Smart city planning', 'Traffic optimization', 'Energy management', 'Predictive maintenance']",7,6
