,count,annual_salary_usd,responsibilities,required_skills
Executive Director,1,120000,"['Strategic oversight', 'Stakeholder relations', 'Quality control', 'Public representation']","['Policy expertise', 'AI literacy', 'Leadership', 'Communication']"
Technical Lead,1,100000,"['AI agent development', 'System architecture', 'Technical oversight', 'Innovation']","['AI/ML expertise', 'Software development', 'System design', 'Problem solving']"
Research Coordinator,1,70000,"['Research planning', 'Quality assurance', 'Methodology oversight', 'Output coordination']","['Research methods', 'Data analysis', 'Policy knowledge', 'Project management']"
Data Manager,1,80000,"['Data governance', 'Source management', 'Pipeline maintenance', 'Quality control']","['Data engineering', 'Database management', 'Data quality', 'Automation']"
Communications Specialist,1,60000,"['Report writing', 'Stakeholder communication', 'Public engagement', 'Dissemination']","['Writing', 'Communication', 'Digital marketing', 'Stakeholder management']"
