,focus,activities,budget_usd,agent_count
Phase 1 (Months 1-6),Foundation Setup,"['Legal entity establishment', 'Core team recruitment', 'Technology infrastructure setup', 'Initial 20 AI agents deployment', 'Pilot research projects']",500000,20
Phase 2 (Months 7-12),Capacity Building,"['Scale to 50 AI agents', 'Specialized agent development', 'Partnership establishment', 'First policy reports publication', 'Stakeholder engagement']",750000,50
Phase 3 (Months 13-18),Full Operations,"['Deploy all 100 AI agents', 'Advanced analytics capabilities', 'International partnerships', 'Comprehensive policy coverage', 'Impact measurement']",1000000,100
Phase 4 (Months 19-24),Optimization & Expansion,"['AI agent optimization', 'Advanced research methodologies', 'Regional influence expansion', 'Technology transfer', 'Sustainability planning']",800000,100
