,timeline,focus,resources,expected_outcomes
Agent Optimization (Ongoing),Continuous,Improving existing agent performance,"Technical Lead (20% time), AI platform costs",15% efficiency improvement annually
New Specialization Development (Quarterly),Every 3 months,Adding new domain expertise,"Technical Lead (40% time), External consultants",2-3 new agent types per year
Cross-Domain Integration (Bi-annual),Every 6 months,Enhancing agent collaboration,"Full technical team, Research coordinator",Improved synthesis capabilities
Methodology Innovation (Annual),Yearly major updates,Revolutionary research approaches,"Full team, External partnerships",Breakthrough analytical capabilities
