,target_partners,collaboration_type,value_proposition
Government Agencies,"[""Prime Minister's Office"", 'Planning Commission', 'Ministry of Finance', 'ICT Division']","Data sharing, policy consultation",Evidence-based policy recommendations
International Organizations,"['World Bank', 'ADB', 'UNDP', 'IMF']","Research collaboration, funding",Advanced analytics capabilities
Universities,"['University of Dhaka', 'BUET', 'BRAC University', 'NSU']","Research partnerships, talent pipeline",Cutting-edge research methods
Think Tanks,"['CPD', 'BIISS', 'PRI', 'BIDS']","Joint research, knowledge sharing",Complementary expertise
Technology Partners,"['OpenAI', 'Microsoft', 'Google', 'Local tech companies']","Technology access, innovation",Pioneer AI applications in policy
