,accuracy_rate,citation_index,peer_review_scores,methodology_innovation,research_speed,cost_per_output,agent_uptime,human_productivity,policy_adoption_rate,media_coverage,stakeholder_satisfaction,international_recognition,technology_patents,conference_presentations,technology_transfer,talent_development
Research Quality Metrics,95% target (fact-checking validation),Top 10% among regional think tanks,Average 8.5/10 from expert panels,3-5 new approaches annually,,,,,,,,,,,,
Operational Efficiency Metrics,,,,,10x faster than traditional think tanks,60% lower than comparable organizations,99.5% availability target,15x output multiplication,,,,,,,,
Impact Metrics,,,,,,,,,25% of recommendations implemented,500+ mentions annually,90%+ satisfaction scores,Top 20 Asia think tank ranking,,,,
Innovation Metrics,,,,,,,,,,,,,2-3 AI methodology patents,20+ international presentations,5+ organizations adopting methods,10+ researchers trained annually
