,engagement_frequency,primary_outputs,communication_channels,ai_agents_involved,human_lead
Government Officials,Weekly briefings,"Policy briefs, rapid analysis","Direct meetings, secure portal",All synthesis and communication agents,Executive Director
International Partners,"Monthly reports, Quarterly meetings","Comprehensive reports, research collaboration","Digital platforms, conferences","International Relations agents, Economic Analysis agents","Executive Director, Research Coordinator"
Academic Community,"Quarterly papers, Annual conferences","Research papers, methodology reports","Academic journals, conferences",All specialized agents,"Technical Lead, Research Coordinator"
Private Sector,"Monthly analysis, Ad-hoc consulting","Market analysis, regulatory updates","Business networks, consulting engagements","Economic Analysis agents, Governance agents","Executive Director, Communications Specialist"
Civil Society,"Monthly public reports, Social media","Public policy briefs, infographics","Website, social media, public events","Communication agents, Social Policy agents",Communications Specialist
