,provider,monthly_cost_usd,components,justification
Cloud Computing,AWS/Azure/Google Cloud,15000,"['Compute instances', 'Storage', 'AI/ML services', 'Data pipeline']",Scalable infrastructure for 100 AI agents
AI/ML Platforms,"OpenAI API, Anthropic, Custom Models",25000,"['LLM access', 'Custom model training', 'Fine-tuning', 'API calls']",Core AI capabilities for specialized agents
Data Sources,Multiple vendors,8000,"['Economic databases', 'News feeds', 'Government data', 'Research portals']",Comprehensive data access for analysis
Security & Compliance,Enterprise security solutions,5000,"['Encryption', 'Access control', 'Monitoring', 'Backup']",Protecting sensitive policy research
Development Tools,Software licenses,3000,"['IDEs', 'Version control', 'Testing tools', 'Monitoring']",AI agent development and maintenance
Communication & Collaboration,Multiple platforms,2000,"['Video conferencing', 'Document sharing', 'Project management']",Stakeholder engagement and collaboration
